{"schemaVersion":"1.0","appDefinitionTemplate":{"id":"/providers/Microsoft.PowerApps/apps/","type":"Microsoft.PowerApps/apps","tags":{"primaryDeviceWidth":"1366","primaryDeviceHeight":"768","sienaVersion":"20220516T141612Z-3.22051.27.0","deviceCapabilities":"","supportsPortrait":"true","supportsLandscape":"true","primaryFormFactor":"Tablet","publisherVersion":"3.22051.27","minimumRequiredApiVersion":"2.2.0","hasComponent":"true","hasUnlockedComponent":"true","isUnifiedRootApp":"false"},"properties":{"appVersion":"2022-05-16T14:16:12Z","lifeCycleId":"Published","createdByClientVersion":{"major":3,"minor":22051,"build":27,"revision":0,"majorRevision":0,"minorRevision":0},"minClientVersion":{"major":3,"minor":22051,"build":27,"revision":0,"majorRevision":0,"minorRevision":0},"backgroundColor":"rgba(129, 80, 171, 1)","backgroundImageUri":"/10383364850679514064/N4bf538be-ddff-4bb4-94f6-af27ba9b6248-logoSmallFile","displayName":"Gestor de Oficios","description":"","commitMessage":"","appUris":{"documentUri":{"value":"/10383364850679514064/Nc8fce53e-de48-4ba4-9132-b89146efc033-document.msapp"},"imageUris":[]},"createdTime":"0001-01-01T00:00:00Z","lastModifiedTime":"0001-01-01T00:00:00Z","sharedGroupsCount":0,"sharedUsersCount":0,"icons":{"smallIconUri":"/10383364850679514064/Nf0621747-918e-4f0f-9432-bdd40c519b0a-small.png","mediumIconUri":"/10383364850679514064/N6e47d6eb-9063-459c-b235-6b471d62e4ce-medium.png","largeIconUri":"/10383364850679514064/Ncbd9e579-4bf4-4365-8343-6786b9e9290c-large.png","wideIconUri":"/10383364850679514064/N888bb15a-67f3-446f-a0ee-3982072adee2-wide.png"},"connectionReferences":{"58b04417-7b5b-4cd2-a4f8-1ed8f8718b1d":{"id":"6d15332e-8c0d-4d57-afea-3b2e97d8bd44","displayName":"SharePoint","iconUri":"https://connectoricons-prod.azureedge.net/releases/v1.0.1568/1.0.1568.2757/sharepointonline/icon.png","dataSources":["Oficios Compras Publicas","Oficios Plantillas","Oficios Contabilidad","Oficios General","Oficios Talento Humano","Oficios Comercial Privado","Oficios Importaciones"],"dependencies":[],"dependents":[],"parameterHints":{},"parameterHintsV2":{},"isOnPremiseConnection":false,"bypassConsent":false,"dataSets":{"https://invimedic365.sharepoint.com/sites/LISTAMAESTRADEDOCUMENTOS":{"dataSources":{"Oficios Compras Publicas":{"tableName":"5db7bd81-d346-45ba-b66d-d1d2ff4c56c3"},"Oficios Plantillas":{"tableName":"7b24e94d-3f64-43e3-b202-8a9d4f7e0035"},"Oficios Contabilidad":{"tableName":"9f7c3d5e-75af-4ca0-ba0b-6fa7432a73e6"},"Oficios General":{"tableName":"b7f349fe-b463-4028-a252-35b0af506170"},"Oficios Talento Humano":{"tableName":"5e72a075-e06f-400a-ae65-a39991df0e5a"},"Oficios Comercial Privado":{"tableName":"873a2408-047f-4cc4-a7c4-1ed680948d08"},"Oficios Importaciones":{"tableName":"a5cb3b31-d1a6-4329-9b91-8bb2599e4af8"}}}},"apiTier":"Standard","isCustomApiConnection":false,"actions":["providers/PowerPlatform.Governance/Operations/Read"]},"5fe1cb2d-c93d-48dc-8e6f-8d74ba475ce2":{"id":"6d15332e-8c0d-4d57-afea-3b2e97d8bd44","displayName":"SharePoint","iconUri":"https://connectoricons-prod.azureedge.net/releases/v1.0.1568/1.0.1568.2757/sharepointonline/icon.png","dataSources":[],"dependencies":[],"dependents":["4a8b611c-b192-47a1-b78c-b6ff0d4e8dcf"],"parameterHints":{},"parameterHintsV2":{},"isOnPremiseConnection":false,"bypassConsent":false,"dataSets":{},"apiTier":"Standard","isCustomApiConnection":false,"actions":["providers/PowerPlatform.Governance/Operations/Read"]},"4a8b611c-b192-47a1-b78c-b6ff0d4e8dcf":{"id":"ff0502af-3881-420c-aa5d-3651c2dbf9a5","displayName":"Flujos lógicos","iconUri":"https://connectoricons-prod.azureedge.net/releases/v1.0.1534/1.0.1534.2605/logicflows/icon.png","dataSources":["INV-SYS-2022"],"dependencies":["5fe1cb2d-c93d-48dc-8e6f-8d74ba475ce2"],"dependents":[],"parameterHints":{"workflowName":{"value":"71b564de-55a7-4cfb-8926-2f641ad60617"},"workflowEntityId":{},"5fe1cb2d-c93d-48dc-8e6f-8d74ba475ce2":{"value":"shared_sharepointonline"}},"parameterHintsV2":{"workflowName":{"value":"71b564de-55a7-4cfb-8926-2f641ad60617"},"workflowEntityId":{},"shared_sharepointonline":{"value":"5fe1cb2d-c93d-48dc-8e6f-8d74ba475ce2"}},"isOnPremiseConnection":false,"bypassConsent":false,"dataSets":{},"apiTier":"Standard","isCustomApiConnection":false,"actions":["Run"],"nestedActions":[{"id":"/providers/Microsoft.PowerApps/apis/shared_sharepointonline/apiOperations/CreateFile","apiName":"SharePoint","actionName":"CreateFile","referencedResources":[{"key":"site","value":"https://invimedic365.sharepoint.com/sites/LISTAMAESTRADEDOCUMENTOS"}]},{"id":"/providers/Microsoft.PowerApps/apis/shared_sharepointonline/apiOperations/GetFileContentByPath","apiName":"SharePoint","actionName":"GetFileContentByPath","referencedResources":[{"key":"site","value":"https://invimedic365.sharepoint.com/sites/LISTAMAESTRADEDOCUMENTOS"}]},{"id":"/providers/Microsoft.PowerApps/apis/shared_sharepointonline/apiOperations/PatchFileItem","apiName":"SharePoint","actionName":"PatchFileItem","referencedResources":[{"key":"site","value":"https://invimedic365.sharepoint.com/sites/LISTAMAESTRADEDOCUMENTOS"},{"key":"list","value":"b7f349fe-b463-4028-a252-35b0af506170"},{"key":"site","value":"https://invimedic365.sharepoint.com/sites/LISTAMAESTRADEDOCUMENTOS"},{"key":"list","value":"5db7bd81-d346-45ba-b66d-d1d2ff4c56c3"},{"key":"site","value":"https://invimedic365.sharepoint.com/sites/LISTAMAESTRADEDOCUMENTOS"},{"key":"list","value":"5e72a075-e06f-400a-ae65-a39991df0e5a"},{"key":"site","value":"https://invimedic365.sharepoint.com/sites/LISTAMAESTRADEDOCUMENTOS"},{"key":"list","value":"9f7c3d5e-75af-4ca0-ba0b-6fa7432a73e6"},{"key":"site","value":"https://invimedic365.sharepoint.com/sites/LISTAMAESTRADEDOCUMENTOS"},{"key":"list","value":"a5cb3b31-d1a6-4329-9b91-8bb2599e4af8"},{"key":"site","value":"https://invimedic365.sharepoint.com/sites/LISTAMAESTRADEDOCUMENTOS"},{"key":"list","value":"873a2408-047f-4cc4-a7c4-1ed680948d08"}]}]}},"databaseReferences":{},"almMode":"Environment","performanceOptimizationEnabled":true,"canConsumeAppPass":true,"executionRestrictions":{"isTeamsOnly":false,"dataLossPreventionEvaluationResult":{"status":"Compliant","lastEvaluationDate":"2022-05-16T14:16:33.3485321Z","violations":[],"violationsByPolicy":[],"violationErrorMessage":"La aplicación usa los siguientes conectores: shared_sharepointonline, shared_logicflows."},"httpActionRestriction":{"appUsesSharepointHttpAction":false,"enforcementStrategy":"Legacy","evaluationTime":"2022-05-16T14:16:33.3485321Z"}}},"appType":"ClassicCanvasApp","appComponents":[]}}