{"name":"42ecb975-6fbf-42e5-8752-a9168d40f923","id":"/providers/Microsoft.Flow/flows/42ecb975-6fbf-42e5-8752-a9168d40f923","type":"Microsoft.Flow/flows","properties":{"apiId":"/providers/Microsoft.PowerApps/apis/shared_logicflows","displayName":"INV-SYS-2022","definition":{"metadata":{"workflowEntityId":null,"processAdvisorMetadata":null,"flowclientsuspensionreason":"None","flowclientsuspensiontime":null,"creator":{"id":"385146e4-09ee-41df-b47a-54703d92731e","type":"User","tenantId":"2c45ee55-0a58-4462-bdfb-91583b22f0a1"},"provisioningMethod":"FromDefinition","failureAlertSubscription":true,"clientLastModifiedTime":"2022-03-17T21:37:28.5191851Z"},"$schema":"https://schema.management.azure.com/providers/Microsoft.Logic/schemas/2016-06-01/workflowdefinition.json#","contentVersion":"1.0.0.0","parameters":{"$connections":{"defaultValue":{},"type":"Object"},"$authentication":{"defaultValue":{},"type":"SecureObject"}},"triggers":{"manual":{"metadata":{"operationMetadataId":"4c7a74f0-d069-47aa-aa30-3a08516301e2"},"type":"Request","kind":"PowerAppV2","inputs":{"schema":{"type":"object","properties":{"text":{"title":"Nomenclatura","type":"string","x-ms-dynamically-added":true,"description":"Escribir entrada","x-ms-content-hint":"TEXT"},"text_1":{"title":"Numero","type":"string","x-ms-dynamically-added":true,"description":"Escribir entrada","x-ms-content-hint":"TEXT"},"text_2":{"title":"Path","type":"string","x-ms-dynamically-added":true,"description":"Escribir entrada","x-ms-content-hint":"TEXT"},"text_3":{"title":"PathNuevoArchivo","type":"string","x-ms-dynamically-added":true,"description":"Escribir entrada","x-ms-content-hint":"TEXT"},"text_4":{"title":"Correo","type":"string","x-ms-dynamically-added":true,"description":"Escribir entrada","x-ms-content-hint":"TEXT"}},"required":["text","text_1","text_2","text_3","text_4"]}}}},"actions":{"Crear_archivo":{"runAfter":{"Obtener_contenido_de_archivo_mediante_ruta_de_acceso":["Succeeded"]},"metadata":{"operationMetadataId":"79bd7956-d5c8-4d25-bfcc-142f490533ec"},"type":"OpenApiConnection","inputs":{"host":{"apiId":"/providers/Microsoft.PowerApps/apis/shared_sharepointonline","connectionName":"shared_sharepointonline","operationId":"CreateFile"},"parameters":{"dataset":"https://invimedic365.sharepoint.com/sites/LISTAMAESTRADEDOCUMENTOS","folderPath":"@triggerBody()['text_3']","name":"@{triggerBody()['text']}@{triggerBody()['text_1']}.docx","body":"@body('Obtener_contenido_de_archivo_mediante_ruta_de_acceso')"},"authentication":{"value":"@json(decodeBase64(triggerOutputs().headers['X-MS-APIM-Tokens']))['$ConnectionKey']","type":"Raw"}},"runtimeConfiguration":{"contentTransfer":{"transferMode":"Chunked"}}},"Obtener_contenido_de_archivo_mediante_ruta_de_acceso":{"runAfter":{},"metadata":{"operationMetadataId":"08fd8e59-cec4-483a-9f82-ca2e75411a81"},"type":"OpenApiConnection","inputs":{"host":{"apiId":"/providers/Microsoft.PowerApps/apis/shared_sharepointonline","connectionName":"shared_sharepointonline","operationId":"GetFileContentByPath"},"parameters":{"dataset":"https://invimedic365.sharepoint.com/sites/LISTAMAESTRADEDOCUMENTOS","path":"@triggerBody()['text_2']","inferContentType":true},"authentication":{"value":"@json(decodeBase64(triggerOutputs().headers['X-MS-APIM-Tokens']))['$ConnectionKey']","type":"Raw"}}},"Conmutador":{"runAfter":{"Crear_archivo":["Succeeded"]},"cases":{"Recepcion":{"case":"giuliana.insual@invimedic.com","actions":{"Actualizar_propiedades_del_archivo_3":{"runAfter":{},"type":"OpenApiConnection","inputs":{"host":{"apiId":"/providers/Microsoft.PowerApps/apis/shared_sharepointonline","connectionName":"shared_sharepointonline","operationId":"PatchFileItem"},"parameters":{"dataset":"https://invimedic365.sharepoint.com/sites/LISTAMAESTRADEDOCUMENTOS","table":"b7f349fe-b463-4028-a252-35b0af506170","id":"@outputs('Crear_archivo')?['body/ItemId']","item/Departamento":"@triggerBody()['text']","item/Identificador":"@triggerBody()['text_1']"},"authentication":{"value":"@json(decodeBase64(triggerOutputs().headers['X-MS-APIM-Tokens']))['$ConnectionKey']","type":"Raw"}}}}},"Compras_Publicas":{"case":"mariajose.hinostroza@invimedic.com","actions":{"Actualizar_propiedades_del_archivo":{"runAfter":{},"type":"OpenApiConnection","inputs":{"host":{"apiId":"/providers/Microsoft.PowerApps/apis/shared_sharepointonline","connectionName":"shared_sharepointonline","operationId":"PatchFileItem"},"parameters":{"dataset":"https://invimedic365.sharepoint.com/sites/LISTAMAESTRADEDOCUMENTOS","table":"5db7bd81-d346-45ba-b66d-d1d2ff4c56c3","id":"@outputs('Crear_archivo')?['body/ItemId']","item/Departamento":"@triggerBody()['text']","item/Identificador":"@triggerBody()['text_1']"},"authentication":{"value":"@json(decodeBase64(triggerOutputs().headers['X-MS-APIM-Tokens']))['$ConnectionKey']","type":"Raw"}}}}},"Talento_Humano":{"case":"victoria.morocho@invimedic.com","actions":{"Actualizar_propiedades_del_archivo_2":{"runAfter":{},"type":"OpenApiConnection","inputs":{"host":{"apiId":"/providers/Microsoft.PowerApps/apis/shared_sharepointonline","connectionName":"shared_sharepointonline","operationId":"PatchFileItem"},"parameters":{"dataset":"https://invimedic365.sharepoint.com/sites/LISTAMAESTRADEDOCUMENTOS","table":"5e72a075-e06f-400a-ae65-a39991df0e5a","id":"@outputs('Crear_archivo')?['body/ItemId']","item/Departamento":"@triggerBody()['text']","item/Identificador":"@triggerBody()['text_1']"},"authentication":{"value":"@json(decodeBase64(triggerOutputs().headers['X-MS-APIM-Tokens']))['$ConnectionKey']","type":"Raw"}}}}},"Contabilidad_Doris":{"case":"contabilidad@invimedic.com","actions":{"Actualizar_propiedades_del_archivo_4":{"runAfter":{},"type":"OpenApiConnection","inputs":{"host":{"apiId":"/providers/Microsoft.PowerApps/apis/shared_sharepointonline","connectionName":"shared_sharepointonline","operationId":"PatchFileItem"},"parameters":{"dataset":"https://invimedic365.sharepoint.com/sites/LISTAMAESTRADEDOCUMENTOS","table":"9f7c3d5e-75af-4ca0-ba0b-6fa7432a73e6","id":"@outputs('Crear_archivo')?['body/ItemId']","item/Departamento":"@triggerBody()['text']","item/Identificador":"@triggerBody()['text_1']"},"authentication":{"value":"@json(decodeBase64(triggerOutputs().headers['X-MS-APIM-Tokens']))['$ConnectionKey']","type":"Raw"}}}}},"Contabilidad_Ana":{"case":"ana.baque@invimedic.com","actions":{"Actualizar_propiedades_del_archivo_5":{"runAfter":{},"type":"OpenApiConnection","inputs":{"host":{"apiId":"/providers/Microsoft.PowerApps/apis/shared_sharepointonline","connectionName":"shared_sharepointonline","operationId":"PatchFileItem"},"parameters":{"dataset":"https://invimedic365.sharepoint.com/sites/LISTAMAESTRADEDOCUMENTOS","table":"9f7c3d5e-75af-4ca0-ba0b-6fa7432a73e6","id":"@outputs('Crear_archivo')?['body/ItemId']","item/Departamento":"@triggerBody()['text']","item/Identificador":"@triggerBody()['text_1']"},"authentication":{"value":"@json(decodeBase64(triggerOutputs().headers['X-MS-APIM-Tokens']))['$ConnectionKey']","type":"Raw"}}}}},"Importaciones":{"case":"karen.preciado@invimedic.com","actions":{"Actualizar_propiedades_del_archivo_6":{"runAfter":{},"type":"OpenApiConnection","inputs":{"host":{"apiId":"/providers/Microsoft.PowerApps/apis/shared_sharepointonline","connectionName":"shared_sharepointonline","operationId":"PatchFileItem"},"parameters":{"dataset":"https://invimedic365.sharepoint.com/sites/LISTAMAESTRADEDOCUMENTOS","table":"a5cb3b31-d1a6-4329-9b91-8bb2599e4af8","id":"@outputs('Crear_archivo')?['body/ItemId']","item/Departamento":"@triggerBody()['text']","item/Identificador":"@triggerBody()['text_1']"},"authentication":{"value":"@json(decodeBase64(triggerOutputs().headers['X-MS-APIM-Tokens']))['$ConnectionKey']","type":"Raw"}}}}},"Comercial_Privado":{"case":"adriana.mendoza@invimedic.com","actions":{"Actualizar_propiedades_del_archivo_7":{"runAfter":{},"type":"OpenApiConnection","inputs":{"host":{"apiId":"/providers/Microsoft.PowerApps/apis/shared_sharepointonline","connectionName":"shared_sharepointonline","operationId":"PatchFileItem"},"parameters":{"dataset":"https://invimedic365.sharepoint.com/sites/LISTAMAESTRADEDOCUMENTOS","table":"873a2408-047f-4cc4-a7c4-1ed680948d08","id":"@outputs('Crear_archivo')?['body/ItemId']","item/Departamento":"@triggerBody()['text']","item/Identificador":"@triggerBody()['text_1']"},"authentication":{"value":"@json(decodeBase64(triggerOutputs().headers['X-MS-APIM-Tokens']))['$ConnectionKey']","type":"Raw"}}}}},"Contabilidad_Ana_Contreras":{"case":"ana.contreras@invimedic.com","actions":{"Actualizar_propiedades_del_archivo_9":{"runAfter":{},"type":"OpenApiConnection","inputs":{"host":{"apiId":"/providers/Microsoft.PowerApps/apis/shared_sharepointonline","connectionName":"shared_sharepointonline","operationId":"PatchFileItem"},"parameters":{"dataset":"https://invimedic365.sharepoint.com/sites/LISTAMAESTRADEDOCUMENTOS","table":"9f7c3d5e-75af-4ca0-ba0b-6fa7432a73e6","id":"@outputs('Crear_archivo')?['body/ItemId']","item/Departamento":"@triggerBody()['text']","item/Identificador":"@triggerBody()['text_1']"},"authentication":{"value":"@json(decodeBase64(triggerOutputs().headers['X-MS-APIM-Tokens']))['$ConnectionKey']","type":"Raw"}}}}}},"default":{"actions":{"Actualizar_propiedades_del_archivo_8":{"runAfter":{},"type":"OpenApiConnection","inputs":{"host":{"apiId":"/providers/Microsoft.PowerApps/apis/shared_sharepointonline","connectionName":"shared_sharepointonline","operationId":"PatchFileItem"},"parameters":{"dataset":"https://invimedic365.sharepoint.com/sites/LISTAMAESTRADEDOCUMENTOS","table":"b7f349fe-b463-4028-a252-35b0af506170","id":"@outputs('Crear_archivo')?['body/ItemId']","item/Departamento":"@triggerBody()['text']","item/Identificador":"@triggerBody()['text_1']"},"authentication":{"value":"@json(decodeBase64(triggerOutputs().headers['X-MS-APIM-Tokens']))['$ConnectionKey']","type":"Raw"}}}}},"expression":"@triggerBody()['text_4']","metadata":{"operationMetadataId":"a3fd3449-b003-41b5-8313-8fa665439cef"},"type":"Switch"}}},"connectionReferences":{"shared_sharepointonline":{"connectionName":"39c4a91d3099402a83ded5f9270af9fa","source":"Invoker","id":"/providers/Microsoft.PowerApps/apis/shared_sharepointonline","tier":"NotSpecified"}},"flowFailureAlertSubscribed":false,"isManaged":false}}